{
  "time_h__CHF_per_hour": -20.686731665960153,
  "reliab__CHF_per_pct_point": 3.408647732089869,
  "reliab__CHF_per_unit_0to1": 340.8647732089869,
  "freq__CHF_per_departure_day": -67.06231454005935
}